primary_doi,source_ref_from_compilation,raw_block_rows,positive_qe_rows,core_process_complete_rows,plus_basic_material_rows,plus_elemental_CO_rows,qe_min_compilation,qe_max_compilation,primary_metadata_verified,primary_fulltext_or_supplement_checked,row_values_verified_against_primary,target_semantics_verified,units_verified,duplicate_lineage_checked,v3_admission_status,verification_notes
10.1016/j.cej.2022.138978,Shin et al 2023,306,306,306,306,306,0.022192827748383326,36.22698407831729,NO,NO,NO,NO,NO,NO,PENDING_PRIMARY_SOURCE_VERIFICATION,
10.3390/separations8030032,Son et_al_2021,216,216,216,216,216,0.05516273005365835,5.491199037159625,NO,NO,NO,NO,NO,NO,PENDING_PRIMARY_SOURCE_VERIFICATION,
10.1002/clen.201100469,Peng et_al_2012,69,69,69,69,69,0.0612095424107135,16.1866543384308,NO,NO,NO,NO,NO,NO,PENDING_PRIMARY_SOURCE_VERIFICATION,
10.1016/j.biortech.2015.10.016,Jung et_al_2016,22,22,22,0,0,0.694980694980694,31.7374517374517,NO,NO,NO,NO,NO,NO,PENDING_PRIMARY_SOURCE_VERIFICATION,
10.1007/s13762-015-0766-5,Jung et_al_2015,240,239,239,239,154,0.0465779467680608,251.091703056768,NO,NO,NO,NO,NO,NO,PENDING_PRIMARY_SOURCE_VERIFICATION,
10.1016/j.biortech.2016.03.066,Jung et_al_2016,138,138,138,138,138,1.34093340705423,147.074037439682,NO,NO,NO,NO,NO,NO,PENDING_PRIMARY_SOURCE_VERIFICATION,
10.1016/j.jenvman.2019.109410,Yin et_al_2019,33,32,22,22,22,0.51282051282052,243.066884176182,NO,NO,NO,NO,NO,NO,PENDING_PRIMARY_SOURCE_VERIFICATION,
10.1016/j.eti.2017.06.002,Karunanithi et_al_2017,38,36,36,36,36,0.259315330775292,90.9,NO,NO,NO,NO,NO,NO,PENDING_PRIMARY_SOURCE_VERIFICATION,
10.1080/00387010.2017.1287091,Zhao et_al_2015,24,24,0,0,0,1.3240922488937,13.8418872250497,NO,NO,NO,NO,NO,NO,PENDING_PRIMARY_SOURCE_VERIFICATION,
10.1007/s10653-015-9709-9,Park et_al_2015,14,14,14,14,14,0.740062305831504,167.452092171346,NO,NO,NO,NO,NO,NO,PENDING_PRIMARY_SOURCE_VERIFICATION,
10.1007/s11356-017-0778-4,Yin et_al_2015,22,21,21,21,21,0.666666652538159,53.8188763786764,NO,NO,NO,NO,NO,NO,PENDING_PRIMARY_SOURCE_VERIFICATION,
10.1016/j.jece.2015.11.005,Trazzi et_al_2016,73,73,73,73,73,0.63,15.5,NO,NO,NO,NO,NO,NO,PENDING_PRIMARY_SOURCE_VERIFICATION,
10.1016/j.jenvman.2017.06.057,Kizito et_al_2017,48,48,48,48,48,0.0437163762610885,7.67,NO,NO,NO,NO,NO,NO,PENDING_PRIMARY_SOURCE_VERIFICATION,
10.1016/j.biortech.2010.08.067,Chen et_al_2011,49,46,46,46,0,0.0002,1.1783878102021998,NO,NO,NO,NO,NO,NO,PENDING_PRIMARY_SOURCE_VERIFICATION,
10.1631/jzus.b1300102,Zheng_et_al_2013,50,50,50,50,0,0.0107527448036868,2.806489608475186,NO,NO,NO,NO,NO,NO,PENDING_PRIMARY_SOURCE_VERIFICATION,
10.1016/j.biortech.2016.07.072,Cui et_al_2016,127,121,121,121,121,0.0746268656716434,41.4444449075455,NO,NO,NO,NO,NO,NO,PENDING_PRIMARY_SOURCE_VERIFICATION,
10.1016/j.biortech.2019.122198,Liu et_al_2019,89,86,86,86,86,0.116640746500777,383.15789473684197,NO,NO,NO,NO,NO,NO,PENDING_PRIMARY_SOURCE_VERIFICATION,
10.3390/ijerph19127227,Feng et al 2022,50,50,50,50,50,10.1562535700697,87.784085635188,NO,NO,NO,NO,NO,NO,PENDING_PRIMARY_SOURCE_VERIFICATION,
10.1016/j.chemosphere.2023.138320,"Liang et al., 2023",69,69,47,0,0,160.714329505465,1692.85793109837,NO,NO,NO,NO,NO,NO,PENDING_PRIMARY_SOURCE_VERIFICATION,
10.1016/j.scitotenv.2022.155193,Jie Yu et al 2022,99,99,99,99,0,1.24620124579426,17.4161080204524,NO,NO,NO,NO,NO,NO,PENDING_PRIMARY_SOURCE_VERIFICATION,
10.1016/j.chemosphere.2021.132832,"Yang etl al., 2022",19,19,19,19,19,10.2941150346291,36.2727311209206,NO,NO,NO,NO,NO,NO,PENDING_PRIMARY_SOURCE_VERIFICATION,
10.1016/j.biortech.2020.124232,Zhang et al 2021,121,121,0,0,0,0.071556350626118,192.893402538787,NO,NO,NO,NO,NO,NO,PENDING_PRIMARY_SOURCE_VERIFICATION,
10.1016/j.scitotenv.2022.153833,"Zhang et al., 2022",79,78,0,0,0,2.11763782661499,324.85632183908,NO,NO,NO,NO,NO,NO,PENDING_PRIMARY_SOURCE_VERIFICATION,
10.1016/j.scitotenv.2023.161732,"Zhang et al., 2023",67,67,21,21,0,4.04624736306283,106.936420900925,NO,NO,NO,NO,NO,NO,PENDING_PRIMARY_SOURCE_VERIFICATION,
10.1016/j.jclepro.2019.03.120,"Jack et al., 2019",12,12,0,0,0,0.851427930202543,24.0433212996389,NO,NO,NO,NO,NO,NO,PENDING_PRIMARY_SOURCE_VERIFICATION,
10.1016/j.jes.2014.08.019,"Fang et al., 2019",70,70,70,70,0,3.84122919334186,193.739497346698,NO,NO,NO,NO,NO,NO,PENDING_PRIMARY_SOURCE_VERIFICATION,
10.1039/c5ra22142k,Liu et al_2016,70,70,31,30,0,3.92464678178962,98.9528747658567,NO,NO,NO,NO,NO,NO,PENDING_PRIMARY_SOURCE_VERIFICATION,
10.1007/s11356-019-07355-5,"Xiao et al., 2020",82,82,82,82,82,0.314570835658483,33.3126721763085,NO,NO,NO,NO,NO,NO,PENDING_PRIMARY_SOURCE_VERIFICATION,
10.3390/ma13040816,"Tao et al., 2020",122,122,122,122,122,0.0268070312082887,6.94922737306843,NO,NO,NO,NO,NO,NO,PENDING_PRIMARY_SOURCE_VERIFICATION,
10.1016/j.colsurfa.2018.09.016,"Jiang et al., 2018",80,80,80,80,80,49.4409971933383,474.031866512305,NO,NO,NO,NO,NO,NO,PENDING_PRIMARY_SOURCE_VERIFICATION,
10.1016/j.jclepro.2017.01.069,"Li et al., 2017",28,28,28,28,0,4.20454545454545,854.764939426449,NO,NO,NO,NO,NO,NO,PENDING_PRIMARY_SOURCE_VERIFICATION,
10.1016/j.scitotenv.2019.01.159,"Tang et al., 2019",81,81,81,81,81,0.776353264865764,45.6347438752783,NO,NO,NO,NO,NO,NO,PENDING_PRIMARY_SOURCE_VERIFICATION,
10.1016/j.scitotenv.2018.03.091,"Yin et al., 2018",22,21,21,21,21,0.491550299236465,46.8791896154345,NO,NO,NO,NO,NO,NO,PENDING_PRIMARY_SOURCE_VERIFICATION,
10.1016/j.jclepro.2019.117770,"Peng et al., 2019",60,60,60,60,60,4.44444444444444,70.3741361206039,NO,NO,NO,NO,NO,NO,PENDING_PRIMARY_SOURCE_VERIFICATION,
10.1016/j.biortech.2015.05.052,Jung et_al_2015,10,10,10,10,10,1.6017316017316,24.3290043290043,NO,NO,NO,NO,NO,NO,PENDING_PRIMARY_SOURCE_VERIFICATION,
10.1016/j.biortech.2019.121600,Xu et_al_2019,80,80,80,80,80,0.0898203592814391,36.1989793499696,NO,NO,NO,NO,NO,NO,PENDING_PRIMARY_SOURCE_VERIFICATION,
10.1016/j.biortech.2016.02.125,Li et_al_2016,25,25,25,25,0,0.419162114347255,119.065281899109,NO,NO,NO,NO,NO,NO,PENDING_PRIMARY_SOURCE_VERIFICATION,
10.1016/j.cej.2012.08.052,Zhang et_al_2012,16,16,0,0,0,0.08322324966974826,460.344827586206,NO,NO,NO,NO,NO,NO,PENDING_PRIMARY_SOURCE_VERIFICATION,
10.1016/j.biortech.2017.09.136,yang et_al_2018,92,92,92,92,0,0.216867469879516,83.2100187315183,NO,NO,NO,NO,NO,NO,PENDING_PRIMARY_SOURCE_VERIFICATION,
10.1016/j.psep.2020.05.017,Jia et_al_2020,87,87,87,87,0,11.2970711297071,127.773655105591,NO,NO,NO,NO,NO,NO,PENDING_PRIMARY_SOURCE_VERIFICATION,
10.1016/j.envres.2023.116266,Shin et_al_2023,54,52,0,0,0,0.0434780565537141,7.66666594005766,NO,NO,NO,NO,NO,NO,PENDING_PRIMARY_SOURCE_VERIFICATION,
10.3390/ijerph110909217,"Fang., et al 2014",125,125,125,125,0,6.61661796166789,163.384955752212,NO,NO,NO,NO,NO,NO,PENDING_PRIMARY_SOURCE_VERIFICATION,
10.1016/j.chemosphere.2014.07.084,"Wang et al., 2015",32,32,32,32,32,0.398550724637681,20.3688524590163,NO,NO,NO,NO,NO,NO,PENDING_PRIMARY_SOURCE_VERIFICATION,
10.1016/j.jclepro.2017.12.117,"Yin., et al 2018",14,14,14,14,14,1.99004975124378,75.6218905472636,NO,NO,NO,NO,NO,NO,PENDING_PRIMARY_SOURCE_VERIFICATION,
10.1039/c8ew00952j,"Jing et al., 2019",44,44,44,44,0,0.914636865249138,153.780687945964,NO,NO,NO,NO,NO,NO,PENDING_PRIMARY_SOURCE_VERIFICATION,
10.1021/acssuschemeng.0c01112,An et al 2020,32,32,32,32,0,12.5673377917211,244.614006014126,NO,NO,NO,NO,NO,NO,PENDING_PRIMARY_SOURCE_VERIFICATION,
10.1016/j.jenvman.2019.109730,Ajmal et al 2020,107,107,107,107,107,1.13322040543577,13.2841445793002,NO,NO,NO,NO,NO,NO,PENDING_PRIMARY_SOURCE_VERIFICATION,
10.1039/c9ra02052g,Cui et al_2019,24,24,24,24,24,4.80349581100792,236.244539856735,NO,NO,NO,NO,NO,NO,PENDING_PRIMARY_SOURCE_VERIFICATION,
10.1016/j.colsurfa.2018.10.082,"Wang et al., 2019",85,84,84,84,84,0.126579184120444,59.4936697913599,NO,NO,NO,NO,NO,NO,PENDING_PRIMARY_SOURCE_VERIFICATION,
10.1016/j.chemosphere.2020.127469,"Zheng et al., 2020",119,118,118,118,118,0.0689135465526956,37.7033528537775,NO,NO,NO,NO,NO,NO,PENDING_PRIMARY_SOURCE_VERIFICATION,
10.1007/s11356-016-7820-9,Richveisova et al 2017,75,73,72,72,0,0.00420382379964173,4.05208349352082,NO,NO,NO,NO,NO,NO,PENDING_PRIMARY_SOURCE_VERIFICATION,
10.1039/c8ra10400j,"Zhong et al., 2019",75,75,75,75,75,0.154217326761833,13.8252424491992,NO,NO,NO,NO,NO,NO,PENDING_PRIMARY_SOURCE_VERIFICATION,
10.1080/19443994.2014.994104,"Li et al., 2016",15,15,15,15,15,8.28822456362292,15.0896309100806,NO,NO,NO,NO,NO,NO,PENDING_PRIMARY_SOURCE_VERIFICATION,
10.1007/s11356-020-09166-5,Zhang et_al_2020,77,77,77,77,77,0.44603081749259843,6.088432009348707,NO,NO,NO,NO,NO,NO,PENDING_PRIMARY_SOURCE_VERIFICATION,
10.1007/s11356-023-27372-9,Hao et al 2023,87,86,86,86,86,0.0127387046427069,21.5999979125975,NO,NO,NO,NO,NO,NO,PENDING_PRIMARY_SOURCE_VERIFICATION,
10.3390/su15031778,"Liu et al., 2023",64,64,64,64,0,6.24743450955622,128.357004382298,NO,NO,NO,NO,NO,NO,PENDING_PRIMARY_SOURCE_VERIFICATION,
10.1007/s00267-022-01775-9,"Medha et al., 2023",48,48,48,48,48,5.13699008635977,59.6153850033438,NO,NO,NO,NO,NO,NO,PENDING_PRIMARY_SOURCE_VERIFICATION,
10.3390/ijerph20010326,"Qin et al., 2023",120,116,116,116,116,0.009493526052805734,11.0707267544258,NO,NO,NO,NO,NO,NO,PENDING_PRIMARY_SOURCE_VERIFICATION,
10.1016/j.biortech.2022.128263,"Zhang et al., 2023",39,37,0,0,0,15.0197697515662,209.074739821904,NO,NO,NO,NO,NO,NO,PENDING_PRIMARY_SOURCE_VERIFICATION,
10.1016/j.chemosphere.2016.02.004,Wang et al 2016,21,21,21,21,0,15.5706003584265,60.1431779663421,NO,NO,NO,NO,NO,NO,PENDING_PRIMARY_SOURCE_VERIFICATION,
10.1016/j.biortech.2018.04.108,Liau et al 2018,39,39,39,39,0,5.02958816956263,101.298700092333,NO,NO,NO,NO,NO,NO,PENDING_PRIMARY_SOURCE_VERIFICATION,
10.1016/j.scitotenv.2016.03.151,Li et al 2016,86,86,86,86,0,1.67224071733657,80.2675576217009,NO,NO,NO,NO,NO,NO,PENDING_PRIMARY_SOURCE_VERIFICATION,
10.1021/acsomega.3c00992,Zong et_al_2023,79,79,55,55,55,0.0887611078353302,73.08,NO,NO,NO,NO,NO,NO,PENDING_PRIMARY_SOURCE_VERIFICATION,
10.1016/j.biombioe.2023.106800,"Zhou et_al., 2023",44,41,41,41,41,9.22619010957462,46.9047586282063,NO,NO,NO,NO,NO,NO,PENDING_PRIMARY_SOURCE_VERIFICATION,
10.1016/j.scitotenv.2022.160289,Zhao et al 2023,71,70,70,70,70,0.50000051089692,16.8589742945757,NO,NO,NO,NO,NO,NO,PENDING_PRIMARY_SOURCE_VERIFICATION,
10.1016/j.scitotenv.2022.158794,"Zhang et al., 2023",105,105,105,105,105,4.59547143933822,200.31056049006003,NO,NO,NO,NO,NO,NO,PENDING_PRIMARY_SOURCE_VERIFICATION,
10.1016/j.jclepro.2022.135507,"Truong et al., 2023",63,60,60,60,60,0.026270672607554,15.5533660561839,NO,NO,NO,NO,NO,NO,PENDING_PRIMARY_SOURCE_VERIFICATION,
10.2166/wst.2021.485,"Zhang et al., 2021",83,83,0,0,0,2.32018559431367,81.9080061456262,NO,NO,NO,NO,NO,NO,PENDING_PRIMARY_SOURCE_VERIFICATION,
10.1016/j.biortech.2019.03.113,"Zhang et al., 2019",98,98,74,74,74,0.3651699534026267,131.495329901603,NO,NO,NO,NO,NO,NO,PENDING_PRIMARY_SOURCE_VERIFICATION,
10.3390/w10070869,"Xu et al., 2018",90,29,17,0,0,0.9642828954317793,18.60714218567822,NO,NO,NO,NO,NO,NO,PENDING_PRIMARY_SOURCE_VERIFICATION,
